user_id,top_feature_1,top_feature_2,top_feature_3
AAE0190,total_file,total_logons,total_http
AAF0535,total_device,total_logons,total_file
AAF0791,total_file,emails_with_attachments,exfiltration_intensity
AAL0706,total_file,overall_suspicious_ratio,total_logons
AAM0658,total_device,total_logons,total_file
AAN0823,total_file,overall_suspicious_ratio,total_logons
AAS0442,total_emails,total_file,suspicious_http_ratio
AAV0450,total_file,overall_suspicious_ratio,total_logons
AAW0353,total_file,overall_suspicious_ratio,emails_with_attachments
ABC0174,total_device,suspicious_file_ratio,exe_zip_files
ABC0253,total_file,emails_with_attachments,exe_zip_files
ABH0663,total_file,overall_suspicious_ratio,total_logons
ABM0845,total_file,overall_suspicious_ratio,exe_zip_files
ABN0239,total_file,emails_with_attachments,exfiltration_intensity
ACC0042,after_hours_logons,total_file,after_hours_ratio
ACV0812,after_hours_logons,total_file,attachment_ratio
ADC0391,attachment_ratio,total_file,exe_zip_files
ADD0846,total_file,overall_suspicious_ratio,total_logons
ADF0397,overall_suspicious_ratio,total_file,emails_with_attachments
AES0827,overall_suspicious_ratio,total_file,emails_with_attachments
AGB0186,total_file,suspicious_http_ratio,emails_with_attachments
AGB0643,after_hours_logons,total_file,emails_with_attachments
AHC0142,total_file,exe_zip_files,total_suspicious_flags
AHD0848,total_device,suspicious_file_ratio,overall_suspicious_ratio
AHG0634,total_logons,after_hours_logons,total_file
AHM0410,total_device,overall_suspicious_ratio,suspicious_file_ratio
AIB0948,total_device,emails_with_attachments,overall_suspicious_ratio
AIH0675,total_file,emails_with_attachments,exfiltration_intensity
AIM0627,total_file,emails_with_attachments,total_http
AIP0394,after_hours_logons,total_file,total_suspicious_flags
AIP0982,total_device,exfiltration_intensity,total_suspicious_flags
AIS0405,total_file,emails_with_attachments,exfiltration_intensity
AJC0840,total_file,overall_suspicious_ratio,total_logons
AJD0074,total_device,total_http,exe_zip_files
AJF0370,total_device,after_hours_logons,after_hours_ratio
AJH0175,total_device,after_hours_logons,emails_with_attachments
AJL0462,after_hours_logons,total_file,overall_suspicious_ratio
AJN0607,total_device,suspicious_file_ratio,exe_zip_files
AJP0723,overall_suspicious_ratio,total_file,emails_with_attachments
AJR0319,total_file,exe_zip_files,total_http
AJR0932,total_device,total_logons,total_file
AKC0924,total_file,emails_with_attachments,exfiltration_intensity
AKF0709,total_file,emails_with_attachments,suspicious_http_ratio
AKH0758,total_file,emails_with_attachments,suspicious_http_ratio
AKK0329,total_file,attachment_ratio,emails_with_attachments
AKR0057,total_device,total_logons,suspicious_file_ratio
AKW0167,total_file,emails_with_attachments,total_logons
ALB0892,total_logons,overall_suspicious_ratio,total_file
ALC0788,total_file,attachment_ratio,emails_with_attachments
ALD0529,total_file,emails_with_attachments,exe_zip_files
ALD0544,total_file,attachment_ratio,total_logons
ALH0402,total_file,emails_with_attachments,total_logons
AMD0077,total_file,total_logons,total_http
AMH0464,overall_suspicious_ratio,total_file,total_logons
AMH0794,total_file,emails_with_attachments,exfiltration_intensity
AMJ0297,overall_suspicious_ratio,total_file,emails_with_attachments
AMM0014,overall_suspicious_ratio,total_file,total_http
AMR0318,total_device,suspicious_file_ratio,emails_with_attachments
AMR0400,total_file,overall_suspicious_ratio,emails_with_attachments
AMV0036,total_file,emails_with_attachments,suspicious_http
AMW0392,total_file,emails_with_attachments,total_http
ANM0123,total_device,total_file,total_emails
ANP0555,total_file,emails_with_attachments,suspicious_http_ratio
ANT0430,total_file,attachment_ratio,overall_suspicious_ratio
AOB0019,overall_suspicious_ratio,total_file,emails_with_attachments
AOK0844,total_device,after_hours_logons,device_action_ratio
AOS0987,total_file,exe_zip_files,exfiltration_intensity
APG0307,total_file,overall_suspicious_ratio,total_logons
AQD0820,after_hours_logons,emails_with_attachments,total_file
ARA0252,total_file,attachment_ratio,suspicious_http_ratio
ARB0834,total_logons,total_emails,overall_suspicious_ratio
ARB0881,attachment_ratio,total_file,emails_with_attachments
ARD0509,total_file,emails_with_attachments,overall_suspicious_ratio
ARL0034,total_file,total_logons,total_http
ASB0796,total_logons,total_file,total_emails
ASD0577,overall_suspicious_ratio,total_file,emails_with_attachments
ASG0048,total_file,attachment_ratio,total_logons
ASG0692,overall_suspicious_ratio,total_file,emails_with_attachments
ASL0378,total_file,emails_with_attachments,exfiltration_intensity
ASM0575,attachment_ratio,total_file,overall_suspicious_ratio
ASS0206,overall_suspicious_ratio,total_file,total_http
ASS0517,total_file,emails_with_attachments,exe_zip_files
ASV0946,total_file,attachment_ratio,exe_zip_files
ATE0869,total_device,after_hours_logons,exe_zip_files
ATF0274,total_file,total_logons,exe_zip_files
ATP0662,total_device,after_hours_logons,exfiltration_intensity
AVM0947,total_device,emails_with_attachments,suspicious_file_ratio
AWM0764,total_file,suspicious_http_ratio,exe_zip_files
BAH0875,after_hours_logons,total_file,emails_with_attachments
BAJ0654,total_device,after_hours_ratio,after_hours_logons
BAK0964,total_file,overall_suspicious_ratio,total_logons
BAL0044,total_device,after_hours_logons,after_hours_ratio
BAM0611,total_file,overall_suspicious_ratio,total_http
BAM0636,after_hours_logons,total_file,after_hours_ratio
BBG0325,total_device,exe_zip_files,total_http
BBH0810,after_hours_logons,total_file,overall_suspicious_ratio
BBS0039,total_device,after_hours_logons,total_file
BBS0422,total_device,after_hours_logons,exfiltration_intensity
BCB0679,total_file,attachment_ratio,total_emails
BCM0653,after_hours_logons,total_file,after_hours_ratio
BCR0581,total_file,overall_suspicious_ratio,attachment_ratio
BDB0453,after_hours_logons,total_file,emails_with_attachments
BDI0533,total_device,emails_with_attachments,attachment_ratio
BDV0168,total_device,total_logons,total_file
BEC0505,total_file,total_logons,total_http
BEH0615,total_device,suspicious_file_ratio,overall_suspicious_ratio
BER0314,total_file,emails_with_attachments,suspicious_http
BHC0665,total_file,attachment_ratio,exe_zip_files
BHW0458,total_file,overall_suspicious_ratio,total_logons
BIH0745,total_device,total_file,total_logons
BIS0247,total_device,suspicious_file_ratio,emails_with_attachments
BJH0354,total_file,overall_suspicious_ratio,emails_with_attachments
BJH0811,after_hours_logons,total_file,overall_suspicious_ratio
BJM0111,total_device,after_hours_logons,emails_with_attachments
BJP0134,total_device,emails_with_attachments,overall_suspicious_ratio
BJW0619,total_file,emails_with_attachments,suspicious_http
BKW0374,after_hours_logons,total_file,emails_with_attachments
BLB0114,total_file,attachment_ratio,exe_zip_files
BLL0929,total_file,emails_with_attachments,total_logons
BLS0678,total_device,total_file,total_logons
BMC0547,total_file,emails_with_attachments,attachment_ratio
BMG0917,total_device,emails_with_attachments,suspicious_file_ratio
BMM0112,total_file,emails_with_attachments,total_logons
BMS0877,total_logons,total_file,attachment_ratio
BMT0528,total_device,suspicious_file_ratio,emails_with_attachments
BNG0237,total_file,attachment_ratio,exe_zip_files
BNR0965,total_file,attachment_ratio,exe_zip_files
BQS0525,total_device,total_file,total_emails
BRB0355,total_device,suspicious_file_ratio,total_http
BRM0995,total_device,exe_zip_files,after_hours_ratio
BRS0734,total_device,overall_suspicious_ratio,attachment_ratio
BSA0431,overall_suspicious_ratio,total_file,emails_with_attachments
BSB0990,total_file,emails_with_attachments,total_logons
BSH0445,total_file,overall_suspicious_ratio,emails_with_attachments
BSS0369,total_device,after_hours_logons,attachment_ratio
BSS0463,attachment_ratio,total_file,overall_suspicious_ratio
BTL0226,total_device,total_logons,total_file
BTL0722,total_file,overall_suspicious_ratio,total_logons
BTN0061,total_file,attachment_ratio,exe_zip_files
BTR0403,total_device,suspicious_file_ratio,emails_with_attachments
BTS0011,overall_suspicious_ratio,total_file,total_logons
BTW0005,total_file,attachment_ratio,exe_zip_files
BVC0790,total_device,total_http,exfiltration_intensity
BVN0514,overall_suspicious_ratio,total_file,exe_zip_files
BWH0813,after_hours_logons,total_file,attachment_ratio
BWP0202,total_device,after_hours_logons,suspicious_file_ratio
BXJ0010,total_file,emails_with_attachments,total_http
BYP0070,total_logons,total_file,total_emails
CAA0612,total_device,exe_zip_files,total_http
CAB0388,attachment_ratio,total_file,exe_zip_files
CAB0614,total_device,total_http,exe_zip_files
CAC0889,total_emails,overall_suspicious_ratio,total_file
CAH0936,total_device,total_logons,total_file
CAM0102,total_file,emails_with_attachments,suspicious_http
CAM0681,total_device,exe_zip_files,overall_suspicious_ratio
CAN0842,overall_suspicious_ratio,total_file,emails_with_attachments
CAS0507,total_device,emails_with_attachments,after_hours_logons
CBB0365,after_hours_logons,total_file,after_hours_ratio
CBG0398,overall_suspicious_ratio,total_file,emails_with_attachments
CBG0490,total_file,total_logons,total_http
CCA0046,total_device,after_hours_logons,suspicious_file_ratio
CCC0393,total_file,emails_with_attachments,overall_suspicious_ratio
CCH0182,attachment_ratio,total_file,emails_with_attachments
CCH0685,total_file,attachment_ratio,exe_zip_files
CCL0068,total_device,total_logons,exe_zip_files
CCM0136,total_device,suspicious_file_ratio,overall_suspicious_ratio
CCM0467,overall_suspicious_ratio,total_file,total_logons
CCM0855,total_file,emails_with_attachments,exfiltration_intensity
CCR0863,total_file,emails_with_attachments,total_http
CCW0031,total_file,total_logons,total_http
CCW0524,total_file,emails_with_attachments,total_logons
CEB0210,total_file,overall_suspicious_ratio,total_logons
CEJ0109,total_device,total_logons,suspicious_file_ratio
CEL0561,total_file,emails_with_attachments,exe_zip_files
CFG0959,total_file,attachment_ratio,exe_zip_files
CFM0767,total_device,suspicious_file_ratio,suspicious_http_ratio
CFW0264,attachment_ratio,total_file,exe_zip_files
CGA0629,total_file,emails_with_attachments,total_http
CGB0637,total_device,after_hours_ratio,after_hours_logons
CGF0337,total_file,suspicious_http_ratio,emails_with_attachments
CHG0146,total_file,total_logons,total_http
CHM0821,total_device,device_action_ratio,after_hours_logons
CIG0052,total_file,overall_suspicious_ratio,emails_with_attachments
CIM0271,total_device,attachment_ratio,exfiltration_intensity
CIM0926,total_logons,total_emails,total_file
CJC0494,total_file,total_logons,total_http
CJF0802,after_hours_logons,total_file,overall_suspicious_ratio
CJG0470,overall_suspicious_ratio,total_file,emails_with_attachments
CJH0702,total_file,overall_suspicious_ratio,emails_with_attachments
CJK0200,total_file,emails_with_attachments,attachment_ratio
CJM0138,total_file,total_logons,attachment_ratio
CJM0521,total_file,attachment_ratio,overall_suspicious_ratio
CJP0952,after_hours_logons,total_file,after_hours_ratio
CJV0286,total_file,emails_with_attachments,attachment_ratio
CKB0427,overall_suspicious_ratio,total_file,emails_with_attachments
CKB0482,overall_suspicious_ratio,total_file,emails_with_attachments
CKD0680,total_file,emails_with_attachments,exfiltration_intensity
CKH0144,attachment_ratio,total_file,total_logons
CKP0721,total_file,overall_suspicious_ratio,emails_with_attachments
CLB0774,total_device,after_hours_logons,emails_with_attachments
CLD0894,total_file,suspicious_http_ratio,emails_with_attachments
CLF0852,total_file,attachment_ratio,exe_zip_files
CLH0703,total_file,overall_suspicious_ratio,total_logons
CLS0296,overall_suspicious_ratio,total_file,emails_with_attachments
CMB0912,total_file,overall_suspicious_ratio,total_http
CMM0487,total_file,emails_with_attachments,total_http
CMS0454,total_file,overall_suspicious_ratio,total_logons
CMW0783,total_file,suspicious_http_ratio,emails_with_attachments
CNB0900,total_file,suspicious_http_ratio,emails_with_attachments
CNE0352,overall_suspicious_ratio,total_file,total_logons
CNM0800,attachment_ratio,total_file,total_logons
COF0120,total_logons,after_hours_logons,total_file
COM0321,total_file,emails_with_attachments,suspicious_http
CPG0322,total_device,exe_zip_files,total_http
CQH0701,total_device,suspicious_file_ratio,exe_zip_files
CQH0730,overall_suspicious_ratio,total_file,total_logons
CQW0652,total_device,total_logons,attachment_ratio
CRD0624,after_hours_logons,total_file,exe_zip_files
CRK0916,after_hours_logons,total_file,emails_with_attachments
CRO0027,after_hours_logons,total_file,exe_zip_files
CRP0456,total_file,attachment_ratio,total_logons
CSB0080,total_file,emails_with_attachments,suspicious_http_ratio
CSC0217,total_device,after_hours_logons,total_file
CSH0626,after_hours_logons,total_file,overall_suspicious_ratio
CSJ0340,total_file,emails_with_attachments,suspicious_http_ratio
CSL0949,total_file,suspicious_http_ratio,emails_with_attachments
CSP0197,total_file,exe_zip_files,total_suspicious_flags
CTA0020,total_device,exe_zip_files,total_file
CTR0341,after_hours_logons,total_file,emails_with_attachments
CTR0697,after_hours_logons,total_file,exe_zip_files
CTW0500,attachment_ratio,total_file,total_logons
CUD0795,total_file,attachment_ratio,total_logons
CWB0065,total_file,exe_zip_files,exfiltration_intensity
CWR0502,total_device,exe_zip_files,exfiltration_intensity
CXC0336,total_file,emails_with_attachments,suspicious_http_ratio
CYA0506,overall_suspicious_ratio,attachment_ratio,total_file
DAG0558,total_file,overall_suspicious_ratio,emails_with_attachments
DAL0673,total_device,suspicious_file_ratio,exfiltration_intensity
DAR0885,after_hours_logons,total_emails,total_file
DBB0384,total_device,emails_with_attachments,device_action_ratio
DBG0261,total_file,emails_with_attachments,exfiltration_intensity
DBS0235,total_file,emails_with_attachments,exfiltration_intensity
DBW0483,total_file,total_logons,total_http
DCC0160,total_file,overall_suspicious_ratio,total_logons
DCH0843,total_device,total_logons,total_file
DDA0476,total_file,total_logons,total_http
DDM0579,total_file,overall_suspicious_ratio,emails_with_attachments
DEB0782,total_file,emails_with_attachments,suspicious_http_ratio
DFH0188,total_device,attachment_ratio,suspicious_file_ratio
DFR0218,after_hours_logons,emails_with_attachments,total_file
DGF0443,overall_suspicious_ratio,total_file,emails_with_attachments
DGM0754,attachment_ratio,total_file,suspicious_http_ratio
DGN0480,total_logons,total_file,overall_suspicious_ratio
DGW0752,total_file,attachment_ratio,exe_zip_files
DHM0937,total_file,overall_suspicious_ratio,emails_with_attachments
DIB0081,total_device,total_logons,emails_with_attachments
DIB0285,total_device,total_logons,total_file
DIC0988,total_file,emails_with_attachments,suspicious_http_ratio
DID0650,after_hours_logons,total_file,after_hours_ratio
DIW0118,total_device,device_action_ratio,suspicious_file_ratio
DJB0159,total_file,exe_zip_files,total_http
DJS0682,total_file,overall_suspicious_ratio,emails_with_attachments
DKB0631,after_hours_logons,total_file,emails_with_attachments
DLF0377,total_file,emails_with_attachments,exfiltration_intensity
DLH0029,total_file,emails_with_attachments,exfiltration_intensity
DLM0051,total_device,device_action_ratio,total_http
DLS0383,total_file,attachment_ratio,exe_zip_files
DMG0358,after_hours_logons,total_file,after_hours_ratio
DMK0257,total_device,after_hours_logons,device_action_ratio
DMM0623,exfiltration_intensity,total_file,exe_zip_files
DOL0332,total_file,emails_with_attachments,total_logons
DOP0562,total_file,overall_suspicious_ratio,emails_with_attachments
DPM0423,total_device,overall_suspicious_ratio,device_action_ratio
DPS0262,total_logons,after_hours_logons,total_file
DRR0162,total_device,total_logons,exe_zip_files
DRR0242,total_file,emails_with_attachments,exfiltration_intensity
DSB0731,total_file,total_logons,total_http
DSM0591,overall_suspicious_ratio,total_file,emails_with_attachments
DTP0379,total_file,overall_suspicious_ratio,suspicious_http_ratio
DTT0076,total_file,emails_with_attachments,suspicious_http
DVM0265,total_file,exe_zip_files,exfiltration_intensity
DVW0103,overall_suspicious_ratio,total_file,emails_with_attachments
DZC0228,total_file,overall_suspicious_ratio,emails_with_attachments
EAH0466,total_device,suspicious_file_ratio,emails_with_attachments
EBC0390,total_file,emails_with_attachments,overall_suspicious_ratio
ECF0828,total_logons,total_emails,overall_suspicious_ratio
ECL0930,attachment_ratio,total_file,exe_zip_files
ECR0822,overall_suspicious_ratio,total_file,emails_with_attachments
EDA0684,after_hours_logons,total_file,total_emails
EDB0714,total_device,total_logons,total_emails
EFS0882,total_file,suspicious_http_ratio,emails_with_attachments
EGD0132,total_device,total_logons,total_emails
EGD0409,total_logons,total_file,emails_with_attachments
EGK0893,overall_suspicious_ratio,total_file,total_logons
EHB0420,after_hours_logons,total_file,overall_suspicious_ratio
EHB0824,total_device,total_logons,total_file
EHD0584,total_device,total_logons,total_file
EHR0096,overall_suspicious_ratio,total_file,emails_with_attachments
EIM0156,total_file,attachment_ratio,total_logons
EIP0997,total_file,overall_suspicious_ratio,emails_with_attachments
EIS0041,total_device,after_hours_logons,after_hours_ratio
EJW0884,total_file,overall_suspicious_ratio,total_logons
ELB0847,total_file,suspicious_http_ratio,exe_zip_files
ELH0960,total_file,overall_suspicious_ratio,emails_with_attachments
ELT0769,total_file,attachment_ratio,suspicious_http_ratio
EMB0531,total_file,attachment_ratio,emails_with_attachments
EMS0317,total_file,total_logons,total_http
EMW0105,overall_suspicious_ratio,total_file,emails_with_attachments
EMW0772,total_device,suspicious_http_ratio,emails_with_attachments
ENC0234,total_file,emails_with_attachments,total_emails
ENL0100,total_file,emails_with_attachments,exfiltration_intensity
EPW0434,total_file,overall_suspicious_ratio,emails_with_attachments
ERH0449,overall_suspicious_ratio,total_file,emails_with_attachments
ESA0642,after_hours_logons,total_file,after_hours_ratio
ESH0135,attachment_ratio,total_file,total_logons
ESH0283,total_device,suspicious_file_ratio,exfiltration_intensity
ESJ0670,total_device,emails_with_attachments,overall_suspicious_ratio
ESR0693,total_logons,total_device,exe_zip_files
ETR0177,total_file,emails_with_attachments,suspicious_http
ETR0428,total_file,exe_zip_files,total_logons
EWH0191,total_file,attachment_ratio,exe_zip_files
EZH0736,total_file,emails_with_attachments,exfiltration_intensity
EZT0640,after_hours_logons,total_file,emails_with_attachments
FAW0032,after_hours_logons,total_file,total_logons
FBA0348,after_hours_logons,overall_suspicious_ratio,total_file
FBW0747,total_file,overall_suspicious_ratio,emails_with_attachments
FDE0117,overall_suspicious_ratio,total_file,total_logons
FEB0306,total_device,device_action_ratio,emails_with_attachments
FFC0891,total_device,emails_with_attachments,device_action_ratio
FGW0853,after_hours_logons,total_file,exe_zip_files
FHO0630,total_file,total_logons,attachment_ratio
FHS0837,overall_suspicious_ratio,total_file,emails_with_attachments
FIR0920,attachment_ratio,total_file,overall_suspicious_ratio
FKB0163,total_file,emails_with_attachments,overall_suspicious_ratio
FKK0055,total_device,suspicious_file_ratio,exe_zip_files
FLM0213,total_file,total_logons,overall_suspicious_ratio
FMG0527,total_device,total_logons,total_file
FOB0756,total_device,emails_with_attachments,exe_zip_files
FPC0954,overall_suspicious_ratio,total_file,emails_with_attachments
FQA0854,total_file,total_logons,total_http
FRB0023,total_file,attachment_ratio,total_logons
FRL0511,total_file,attachment_ratio,emails_with_attachments
FRR0832,total_file,attachment_ratio,overall_suspicious_ratio
FSB0399,total_logons,total_file,emails_with_attachments
FSC0601,total_device,total_logons,suspicious_file_ratio
FTM0406,total_device,total_logons,total_file
FUM0015,total_file,attachment_ratio,total_logons
FWM0707,total_file,attachment_ratio,exe_zip_files
FXF0957,total_file,overall_suspicious_ratio,total_logons
GAF0060,total_file,attachment_ratio,total_logons
GAF0570,total_file,overall_suspicious_ratio,exe_zip_files
GBM0603,total_logons,total_file,exe_zip_files
GCC0744,total_file,emails_with_attachments,suspicious_http
GCC0945,total_file,overall_suspicious_ratio,total_logons
GCG0951,total_file,suspicious_http_ratio,exe_zip_files
GCL0016,total_device,suspicious_file_ratio,total_http
GCR0554,total_file,emails_with_attachments,exfiltration_intensity
GCS0518,overall_suspicious_ratio,total_file,emails_with_attachments
GCS0571,total_device,suspicious_file_ratio,overall_suspicious_ratio
GDF0704,total_file,attachment_ratio,exe_zip_files
GHH0288,total_device,after_hours_logons,emails_with_attachments
GHL0460,total_device,total_logons,total_file
GJD0298,attachment_ratio,total_file,total_logons
GJT0386,total_file,emails_with_attachments,total_logons
GKO0078,total_device,exfiltration_intensity,suspicious_file_ratio
GLR0975,total_file,overall_suspicious_ratio,suspicious_http_ratio
GMF0738,total_file,emails_with_attachments,suspicious_http
GNS0178,total_device,after_hours_logons,suspicious_http_ratio
GNZ0953,attachment_ratio,total_file,exe_zip_files
GOK0238,total_logons,total_file,total_emails
GQF0659,after_hours_logons,total_file,after_hours_ratio
GQP0743,total_file,attachment_ratio,total_logons
GRC0145,total_file,attachment_ratio,total_logons
GRM0868,total_file,emails_with_attachments,total_http
GTD0116,after_hours_logons,total_file,emails_with_attachments
GTD0219,total_device,after_hours_logons,after_hours_ratio
GTD0898,overall_suspicious_ratio,total_file,emails_with_attachments
GZB0469,overall_suspicious_ratio,total_file,total_logons
GZC0735,total_device,suspicious_file_ratio,exe_zip_files
HAC0282,overall_suspicious_ratio,total_file,total_suspicious_flags
HAD0246,total_device,after_hours_logons,total_http
HAH0248,total_file,emails_with_attachments,exfiltration_intensity
HAH0760,total_device,suspicious_file_ratio,emails_with_attachments
HAM0985,total_file,emails_with_attachments,exfiltration_intensity
HAV0121,after_hours_logons,overall_suspicious_ratio,total_file
HBB0056,total_file,emails_with_attachments,total_logons
HBO0413,total_device,total_logons,attachment_ratio
HCC0344,attachment_ratio,total_file,emails_with_attachments
HCL0113,overall_suspicious_ratio,total_file,emails_with_attachments
HCL0651,total_device,emails_with_attachments,device_action_ratio
HCM0267,total_device,device_action_ratio,total_logons
HCS0003,total_device,suspicious_file_ratio,total_logons
HCV0478,total_file,exe_zip_files,total_http
HCW0419,total_file,attachment_ratio,exe_zip_files
HDD0789,total_file,total_logons,total_http
HDD0806,after_hours_logons,total_file,emails_with_attachments
HDH0928,total_device,overall_suspicious_ratio,suspicious_file_ratio
HDJ0446,overall_suspicious_ratio,total_file,total_logons
HDL0748,total_file,emails_with_attachments,total_http
HDS0367,total_device,after_hours_logons,after_hours_ratio
HFB0347,total_device,total_logons,attachment_ratio
HGG0240,total_file,emails_with_attachments,exfiltration_intensity
HGH0595,overall_suspicious_ratio,total_file,emails_with_attachments
HGN0287,total_file,total_logons,exe_zip_files
HIA0414,total_file,emails_with_attachments,total_logons
HIW0536,total_file,emails_with_attachments,suspicious_http
HJA0018,attachment_ratio,total_file,overall_suspicious_ratio
HJB0742,total_device,total_file,after_hours_logons
HJS0072,total_device,total_emails,total_file
HKB0418,total_logons,total_file,emails_with_attachments
HKF0831,total_file,attachment_ratio,total_logons
HKI0171,total_file,total_logons,attachment_ratio
HKR0628,exfiltration_intensity,total_file,exe_zip_files
HLH0512,total_file,overall_suspicious_ratio,emails_with_attachments
HLM0933,total_file,overall_suspicious_ratio,emails_with_attachments
HMM0108,total_device,exe_zip_files,total_file
HMW0713,total_file,total_logons,exfiltration_intensity
HOB0994,after_hours_logons,total_file,emails_with_attachments
HPH0075,total_device,device_action_ratio,total_http
HPM0986,total_file,emails_with_attachments,total_http
HPR0585,attachment_ratio,total_file,exe_zip_files
HRB0351,total_device,suspicious_http,device_action_ratio
HRD0635,total_logons,after_hours_logons,total_emails
HRL0540,total_device,after_hours_ratio,overall_suspicious_ratio
HRW0550,total_file,overall_suspicious_ratio,emails_with_attachments
HSB0196,total_device,after_hours_logons,device_action_ratio
HSD0457,overall_suspicious_ratio,total_file,total_logons
HSG0818,after_hours_logons,total_file,emails_with_attachments
HSP0290,total_file,overall_suspicious_ratio,total_logons
HTF0641,after_hours_logons,attachment_ratio,total_file
HTH0007,total_file,suspicious_http_ratio,exe_zip_files
HVB0037,total_file,overall_suspicious_ratio,emails_with_attachments
HVF0067,total_device,suspicious_file_ratio,device_action_ratio
HWH0646,after_hours_logons,total_file,emails_with_attachments
HWM0342,total_file,suspicious_http_ratio,exe_zip_files
HWW0436,total_device,after_hours_logons,exfiltration_intensity
HWY0038,after_hours_logons,total_file,after_hours_ratio
HXL0968,total_device,total_logons,total_emails
IAR0694,total_file,attachment_ratio,exe_zip_files
IAT0263,total_logons,total_file,overall_suspicious_ratio
IBB0359,after_hours_logons,total_device,after_hours_ratio
IBB0696,total_device,suspicious_file_ratio,emails_with_attachments
IBM0671,total_device,exe_zip_files,exfiltration_intensity
IBP0883,after_hours_logons,total_file,emails_with_attachments
IBS0836,total_device,after_hours_logons,exe_zip_files
ICH0294,total_device,emails_with_attachments,device_action_ratio
ICS0956,total_logons,total_emails,total_file
IDO0176,total_file,emails_with_attachments,total_http
IEB0153,total_file,emails_with_attachments,total_emails
IHK0841,total_file,overall_suspicious_ratio,emails_with_attachments
IIA0092,total_file,emails_with_attachments,exfiltration_intensity
IIL0513,total_file,emails_with_attachments,total_emails
IIW0249,total_device,emails_with_attachments,suspicious_file_ratio
IJM0139,overall_suspicious_ratio,total_file,emails_with_attachments
IJM0444,total_device,after_hours_logons,exfiltration_intensity
IJM0776,total_device,total_logons,suspicious_file_ratio
IJR0825,total_file,attachment_ratio,total_logons
IJW0851,total_file,emails_with_attachments,total_http
IKP0472,total_device,emails_with_attachments,device_action_ratio
IKR0401,total_device,total_logons,suspicious_file_ratio
ILC0838,overall_suspicious_ratio,total_file,total_logons
ILH0958,total_device,emails_with_attachments,exfiltration_intensity
ILJ0526,total_device,emails_with_attachments,suspicious_file_ratio
ILR0304,total_file,overall_suspicious_ratio,total_logons
IMB0481,total_file,overall_suspicious_ratio,total_logons
IMG0320,total_file,total_logons,total_http
IMP0530,total_file,emails_with_attachments,total_logons
IRM0931,total_device,after_hours_logons,exfiltration_intensity
IRT0491,total_file,total_logons,total_http
IUB0565,total_device,total_logons,exe_zip_files
IUY0279,attachment_ratio,total_file,exe_zip_files
IWM0816,after_hours_logons,total_file,exe_zip_files
IYB0918,total_file,emails_with_attachments,exfiltration_intensity
JAD0609,total_file,attachment_ratio,exe_zip_files
JAJ0849,after_hours_logons,total_file,overall_suspicious_ratio
JAM0382,total_file,emails_with_attachments,exfiltration_intensity
JAV0361,after_hours_logons,total_file,after_hours_ratio
JBD0616,total_device,overall_suspicious_ratio,suspicious_http_ratio
JBM0350,after_hours_logons,total_file,emails_with_attachments
JCC0225,after_hours_logons,emails_with_attachments,total_file
JCG0316,total_device,overall_suspicious_ratio,suspicious_file_ratio
JCR0172,total_device,suspicious_file_ratio,exe_zip_files
JCR0289,overall_suspicious_ratio,total_file,total_logons
JCR0770,total_file,emails_with_attachments,attachment_ratio
JCR0921,total_file,emails_with_attachments,exfiltration_intensity
JCV0245,total_file,emails_with_attachments,exfiltration_intensity
JCW0858,total_file,emails_with_attachments,exfiltration_intensity
JDB0169,total_device,emails_with_attachments,attachment_ratio
JDC0030,total_device,suspicious_file_ratio,total_http
JDF0593,total_device,suspicious_file_ratio,exe_zip_files
JER0404,overall_suspicious_ratio,total_file,emails_with_attachments
JFC0557,total_device,suspicious_file_ratio,device_action_ratio
JFC0757,total_file,suspicious_http_ratio,emails_with_attachments
JGM0934,total_file,attachment_ratio,exe_zip_files
JGT0221,total_device,after_hours_logons,total_file
JHP0583,total_device,device_action_ratio,emails_with_attachments
JIG0128,total_file,overall_suspicious_ratio,emails_with_attachments
JIM0095,emails_with_attachments,total_file,exfiltration_intensity
JJB0127,total_file,emails_with_attachments,exe_zip_files
JJB0700,attachment_ratio,total_file,exe_zip_files
JJH0292,total_file,overall_suspicious_ratio,exe_zip_files
JJH0613,total_device,suspicious_file_ratio,total_http
JJM0203,total_device,total_logons,exe_zip_files
JKB0126,overall_suspicious_ratio,total_file,total_logons
JKF0465,total_file,overall_suspicious_ratio,exe_zip_files
JKJ0698,total_file,overall_suspicious_ratio,exe_zip_files
JKM0303,total_file,suspicious_http_ratio,total_logons
JLM0364,total_device,after_hours_logons,total_file
JLW0053,overall_suspicious_ratio,total_file,total_http
JMB0308,total_device,total_logons,total_file
JMC0925,after_hours_logons,total_file,attachment_ratio
JMD0520,total_device,suspicious_file_ratio,emails_with_attachments
JMH0543,total_logons,total_file,emails_with_attachments
JMK0099,total_device,exe_zip_files,suspicious_file_ratio
JML0909,total_file,emails_with_attachments,attachment_ratio
JMW0638,after_hours_logons,total_file,emails_with_attachments
JNA0559,overall_suspicious_ratio,total_file,total_logons
JNJ0556,total_device,total_logons,device_action_ratio
JOL0024,total_file,emails_with_attachments,exfiltration_intensity
JOM0750,overall_suspicious_ratio,total_file,total_http
JPA0667,total_file,attachment_ratio,total_logons
JPW0741,total_file,emails_with_attachments,suspicious_http
JRF0835,overall_suspicious_ratio,total_file,total_logons
JRG0207,total_device,total_logons,total_file
JRH0455,overall_suspicious_ratio,attachment_ratio,total_file
JRL0574,total_file,overall_suspicious_ratio,emails_with_attachments
JRS0362,after_hours_logons,emails_with_attachments,total_file
JSA0775,total_file,emails_with_attachments,attachment_ratio
JSH0330,total_file,suspicious_http_ratio,attachment_ratio
JTM0223,total_device,after_hours_logons,total_file
JTS0389,total_device,emails_with_attachments,suspicious_file_ratio
JXH0493,total_file,overall_suspicious_ratio,emails_with_attachments
JZD0888,overall_suspicious_ratio,total_file,emails_with_attachments
KAC0124,overall_suspicious_ratio,total_file,emails_with_attachments
KAL0395,overall_suspicious_ratio,total_file,total_suspicious_flags
KAT0270,total_file,attachment_ratio,total_logons
KAT0489,total_file,attachment_ratio,total_logons
KBB0189,total_file,suspicious_http,exe_zip_files
KBC0054,overall_suspicious_ratio,total_file,emails_with_attachments
KBG0549,total_device,suspicious_file_ratio,exfiltration_intensity
KBL0260,total_file,overall_suspicious_ratio,emails_with_attachments
KBP0008,total_file,exe_zip_files,total_http
KBS0874,total_file,attachment_ratio,exe_zip_files
KCB0815,after_hours_logons,total_file,emails_with_attachments
KCF0045,after_hours_logons,total_file,after_hours_ratio
KCO0122,total_device,after_hours_logons,after_hours_ratio
KCS0173,total_device,suspicious_http_ratio,total_http
KDS0349,total_file,overall_suspicious_ratio,emails_with_attachments
KDT0346,total_file,emails_with_attachments,suspicious_http_ratio
KES0729,total_file,overall_suspicious_ratio,total_http
KJA0152,total_file,overall_suspicious_ratio,emails_with_attachments
KJG0910,total_file,emails_with_attachments,total_logons
KJJ0293,total_device,exe_zip_files,device_action_ratio
KJM0887,attachment_ratio,total_file,emails_with_attachments
KJP0371,after_hours_logons,total_file,after_hours_ratio
KJS0618,total_file,total_logons,total_http
KJW0416,overall_suspicious_ratio,total_file,emails_with_attachments
KKC0683,overall_suspicious_ratio,total_file,emails_with_attachments
KKS0119,total_file,attachment_ratio,exe_zip_files
KKW0879,total_device,overall_suspicious_ratio,emails_with_attachments
KLH0596,total_device,total_logons,after_hours_logons
KLM0639,after_hours_logons,total_file,after_hours_ratio
KMB0922,total_device,exfiltration_intensity,after_hours_logons
KMS0657,after_hours_logons,overall_suspicious_ratio,total_file
KMW0545,total_device,exe_zip_files,suspicious_file_ratio
KNB0022,total_file,emails_with_attachments,exfiltration_intensity
KNG0672,total_logons,total_file,emails_with_attachments
KNW0644,after_hours_logons,total_file,emails_with_attachments
KPC0073,total_device,total_logons,total_file
KPP0452,total_file,overall_suspicious_ratio,total_logons
KPR0497,total_file,attachment_ratio,exe_zip_files
KQC0708,overall_suspicious_ratio,total_file,emails_with_attachments
KQS0415,total_file,emails_with_attachments,exfiltration_intensity
KRG0158,total_file,overall_suspicious_ratio,total_logons
KRL0062,overall_suspicious_ratio,total_file,emails_with_attachments
KRL0501,total_device,total_logons,total_file
KRM0541,total_file,emails_with_attachments,exfiltration_intensity
KRV0372,after_hours_logons,total_file,after_hours_ratio
KSH0569,total_file,attachment_ratio,total_logons
KSP0357,after_hours_logons,emails_with_attachments,total_file
KSP0966,total_file,suspicious_http_ratio,emails_with_attachments
KTG0091,total_file,emails_with_attachments,exfiltration_intensity
KVS0425,total_file,overall_suspicious_ratio,emails_with_attachments
KVT0028,total_file,emails_with_attachments,exfiltration_intensity
KWC0004,overall_suspicious_ratio,total_file,total_logons
KWE0082,total_device,attachment_ratio,suspicious_file_ratio
LAF0991,after_hours_logons,total_file,attachment_ratio
LAM0911,total_file,suspicious_http_ratio,exe_zip_files
LAP0338,total_file,attachment_ratio,suspicious_http_ratio
LBC0356,after_hours_logons,total_file,attachment_ratio
LBF0214,total_device,suspicious_file_ratio,exfiltration_intensity
LBH0942,total_device,emails_with_attachments,total_http
LCB0664,total_device,suspicious_file_ratio,exe_zip_files
LCC0819,total_device,total_logons,total_file
LCD0622,total_file,emails_with_attachments,suspicious_http
LDB0090,total_file,overall_suspicious_ratio,emails_with_attachments
LDD0560,after_hours_logons,total_file,exe_zip_files
LDG0459,total_device,overall_suspicious_ratio,exe_zip_files
LDM0587,overall_suspicious_ratio,total_file,total_logons
LEM0605,total_file,total_logons,total_http
LFS0071,total_file,emails_with_attachments,suspicious_http_ratio
LHB0606,total_file,emails_with_attachments,exe_zip_files
LHB0967,total_file,overall_suspicious_ratio,emails_with_attachments
LHL0309,total_file,total_logons,total_http
LHN0151,total_file,total_emails,emails_with_attachments
LIM0674,total_device,after_hours_logons,exe_zip_files
LJB0826,total_file,overall_suspicious_ratio,total_logons
LJJ0905,attachment_ratio,total_file,emails_with_attachments
LJR0523,total_device,total_logons,total_file
LJT0817,total_device,after_hours_logons,exfiltration_intensity
LLV0602,total_file,emails_with_attachments,exfiltration_intensity
LMF0980,total_file,attachment_ratio,suspicious_http_ratio
LNR0656,after_hours_logons,total_file,after_hours_ratio
LNS0989,total_file,attachment_ratio,exe_zip_files
LOF0311,total_file,total_logons,total_http
LOM0086,total_logons,total_device,emails_with_attachments
LPC0492,total_file,total_http,exe_zip_files
LPH0572,total_file,overall_suspicious_ratio,exe_zip_files
LQC0479,total_device,total_logons,total_file
LQP0508,total_file,overall_suspicious_ratio,emails_with_attachments
LRR0148,total_device,device_action_ratio,total_http
LRW0970,attachment_ratio,total_file,total_logons
LTS0860,total_file,emails_with_attachments,suspicious_http
LUR0896,after_hours_logons,total_file,exe_zip_files
MAD0496,attachment_ratio,total_file,total_emails
MAD0753,total_file,total_logons,total_http
MAE0331,total_file,emails_with_attachments,suspicious_http_ratio
MAH0149,total_file,attachment_ratio,exe_zip_files
MAH0864,total_file,total_logons,total_http
MAR0955,total_device,total_logons,total_file
MAS0025,total_device,total_logons,total_file
MAW0166,total_file,emails_with_attachments,total_http
MBG0438,total_logons,total_file,overall_suspicious_ratio
MBJ0312,total_device,total_http,suspicious_http_ratio
MBR0724,total_file,suspicious_http_ratio,emails_with_attachments
MBW0809,after_hours_logons,total_emails,total_file
MCD0125,total_device,total_logons,emails_with_attachments
MCF0327,total_file,emails_with_attachments,total_http
MCF0600,total_device,total_logons,total_file
MCJ0324,total_file,total_logons,total_http
MCS0035,overall_suspicious_ratio,total_file,emails_with_attachments
MCT0720,total_file,suspicious_http_ratio,emails_with_attachments
MDH0580,total_device,total_logons,total_emails
MDH0686,total_file,total_http,exe_zip_files
MDM0625,total_device,emails_with_attachments,suspicious_http_ratio
MDM0976,total_file,overall_suspicious_ratio,emails_with_attachments
MES0407,total_file,attachment_ratio,total_logons
MFV0897,overall_suspicious_ratio,total_file,emails_with_attachments
MGS0974,total_device,suspicious_file_ratio,total_http
MHA0798,total_file,emails_with_attachments,suspicious_http_ratio
MHG0244,total_file,emails_with_attachments,suspicious_http
MHG0733,total_file,emails_with_attachments,suspicious_http
MHH0180,total_file,exfiltration_intensity,suspicious_http_ratio
MIB0904,total_file,emails_with_attachments,exe_zip_files
MIC0726,total_file,total_logons,total_http
MIL0255,total_file,emails_with_attachments,exfiltration_intensity
MIM0712,total_file,attachment_ratio,total_logons
MJB0588,total_file,overall_suspicious_ratio,total_logons
MJM0510,total_file,emails_with_attachments,attachment_ratio
MJS0890,total_file,attachment_ratio,emails_with_attachments
MKG0711,overall_suspicious_ratio,total_file,emails_with_attachments
MKL0941,total_file,overall_suspicious_ratio,emails_with_attachments
MKP0861,total_file,attachment_ratio,exe_zip_files
MKS0204,emails_with_attachments,total_file,exfiltration_intensity
MKW0441,total_device,suspicious_file_ratio,after_hours_logons
MLD0755,total_file,attachment_ratio,exe_zip_files
MLG0475,total_file,overall_suspicious_ratio,total_logons
MLL0598,total_device,suspicious_file_ratio,total_file
MLM0950,total_device,after_hours_logons,emails_with_attachments
MLP0668,total_file,attachment_ratio,total_logons
MMB0488,total_logons,total_file,exe_zip_files
MMG0943,attachment_ratio,total_file,exe_zip_files
MNC0717,total_file,overall_suspicious_ratio,exe_zip_files
MNR0829,total_file,overall_suspicious_ratio,total_logons
MNS0224,after_hours_logons,emails_with_attachments,total_file
MOH0273,total_device,emails_with_attachments,device_action_ratio
MOP0763,total_file,suspicious_http_ratio,emails_with_attachments
MOS0047,total_device,after_hours_logons,after_hours_ratio
MPM0220,total_device,after_hours_logons,after_hours_ratio
MPT0376,total_device,suspicious_file_ratio,device_action_ratio
MSD0939,overall_suspicious_ratio,total_file,emails_with_attachments
MSG0839,overall_suspicious_ratio,total_file,total_logons
MSH0040,after_hours_logons,total_file,after_hours_ratio
MSO0222,total_device,after_hours_logons,total_file
MSS0001,overall_suspicious_ratio,total_file,suspicious_http_ratio
MSZ0310,total_file,total_logons,total_http
MTB0620,total_device,suspicious_file_ratio,total_http
MTT0901,total_device,exe_zip_files,device_action_ratio
MVB0515,total_device,emails_with_attachments,device_action_ratio
MVF0594,overall_suspicious_ratio,total_file,emails_with_attachments
MVH0373,total_logons,after_hours_logons,total_file
MYD0978,total_device,total_logons,total_file
NAB0801,total_file,emails_with_attachments,total_logons
NAB0903,total_file,emails_with_attachments,overall_suspicious_ratio
NAF0033,total_logons,total_file,exe_zip_files
NAF0326,total_device,suspicious_file_ratio,suspicious_http
NAH0503,after_hours_logons,total_file,exe_zip_files
NAR0981,total_file,attachment_ratio,total_logons
NBC0412,total_file,total_logons,exe_zip_files
NBH0256,total_file,attachment_ratio,total_logons
NCE0097,emails_with_attachments,total_file,overall_suspicious_ratio
NCH0179,total_file,attachment_ratio,total_logons
NCK0295,overall_suspicious_ratio,total_file,emails_with_attachments
NCK0421,total_file,emails_with_attachments,suspicious_http
NCO0666,total_file,exe_zip_files,exfiltration_intensity
NDM0417,total_device,exfiltration_intensity,device_action_ratio
NGC0058,total_device,total_http,exe_zip_files
NGF0157,total_device,after_hours_logons,suspicious_file_ratio
NGO0690,total_file,exe_zip_files,total_suspicious_flags
NHE0919,total_file,attachment_ratio,exe_zip_files
NHH0185,total_file,suspicious_http_ratio,total_logons
NIH0969,total_file,exe_zip_files,exfiltration_intensity
NJB0243,emails_with_attachments,total_file,exfiltration_intensity
NJC0705,total_file,overall_suspicious_ratio,total_logons
NKH0807,after_hours_logons,total_file,overall_suspicious_ratio
NKH0979,total_file,attachment_ratio,exe_zip_files
NKP0236,total_device,after_hours_logons,suspicious_file_ratio
NLO0131,overall_suspicious_ratio,total_file,emails_with_attachments
NMB0972,total_file,overall_suspicious_ratio,total_logons
NMC0486,total_file,emails_with_attachments,total_http
NMF0780,total_file,emails_with_attachments,attachment_ratio
NMG0766,total_file,suspicious_http_ratio,exe_zip_files
NMS0280,total_device,emails_with_attachments,exfiltration_intensity
NNA0610,total_file,emails_with_attachments,total_http
NNS0059,total_file,attachment_ratio,total_logons
NOB0181,total_device,emails_with_attachments,device_action_ratio
NRD0548,total_logons,total_file,total_emails
NRF0137,overall_suspicious_ratio,total_file,emails_with_attachments
NRO0768,total_logons,total_file,attachment_ratio
NSC0597,overall_suspicious_ratio,total_file,exe_zip_files
NSS0876,total_file,emails_with_attachments,suspicious_http
NUL0471,attachment_ratio,total_file,overall_suspicious_ratio
NWK0215,after_hours_logons,total_file,exe_zip_files
NWT0098,total_device,total_logons,exe_zip_files
OBH0499,total_device,suspicious_file_ratio,exe_zip_files
OCB0805,total_file,emails_with_attachments,exfiltration_intensity
OCS0865,total_device,overall_suspicious_ratio,suspicious_file_ratio
OHC0973,total_file,emails_with_attachments,suspicious_http_ratio
OJK0233,total_file,emails_with_attachments,exfiltration_intensity
OKB0439,attachment_ratio,total_file,total_logons
OKC0107,overall_suspicious_ratio,total_file,emails_with_attachments
OLB0749,overall_suspicious_ratio,attachment_ratio,total_file
OLF0504,total_file,emails_with_attachments,suspicious_http
OLW0689,total_device,exfiltration_intensity,attachment_ratio
OMM0944,total_file,overall_suspicious_ratio,emails_with_attachments
OMS0101,total_file,overall_suspicious_ratio,emails_with_attachments
ONL0276,overall_suspicious_ratio,total_file,emails_with_attachments
ONW0083,total_file,emails_with_attachments,total_logons
OQH0183,total_file,suspicious_http_ratio,exe_zip_files
ORB0473,attachment_ratio,total_file,total_logons
ORG0339,total_file,suspicious_http_ratio,exe_zip_files
ORM0669,attachment_ratio,total_file,exe_zip_files
OSH0655,after_hours_logons,emails_with_attachments,total_file
OYM0026,overall_suspicious_ratio,total_file,emails_with_attachments
PAD0773,total_device,suspicious_file_ratio,emails_with_attachments
PBP0002,total_file,overall_suspicious_ratio,emails_with_attachments
PDH0716,total_device,device_action_ratio,emails_with_attachments
PDW0259,total_file,emails_with_attachments,exe_zip_files
PES0085,total_file,attachment_ratio,suspicious_http_ratio
PEV0323,after_hours_logons,total_file,exe_zip_files
PGC0066,total_file,emails_with_attachments,exfiltration_intensity
PGH0184,total_logons,total_file,emails_with_attachments
PGO0433,total_file,emails_with_attachments,total_logons
PID0426,after_hours_logons,total_file,exe_zip_files
PIS0522,attachment_ratio,total_file,emails_with_attachments
PKB0281,overall_suspicious_ratio,total_file,emails_with_attachments
PKB0429,total_file,emails_with_attachments,exfiltration_intensity
PLH0715,total_file,total_logons,exfiltration_intensity
PLH0862,total_file,emails_with_attachments,total_http
PMC0328,total_device,exe_zip_files,suspicious_http_ratio
PMJ0564,after_hours_logons,total_file,attachment_ratio
PMV0850,total_device,exe_zip_files,suspicious_file_ratio
PNH0761,total_device,suspicious_file_ratio,after_hours_logons
PNL0301,total_device,total_logons,suspicious_file_ratio
POB0343,total_file,suspicious_http_ratio,emails_with_attachments
PPF0435,total_device,total_logons,total_file
PRM0740,overall_suspicious_ratio,total_file,emails_with_attachments
PSF0133,total_device,total_logons,total_file
PTH0552,total_file,overall_suspicious_ratio,suspicious_http_ratio
PTH0830,total_file,overall_suspicious_ratio,exe_zip_files
QCH0110,total_logons,total_file,attachment_ratio
QJR0688,total_device,exfiltration_intensity,exe_zip_files
QNF0205,total_file,emails_with_attachments,exfiltration_intensity
QNP0216,after_hours_logons,emails_with_attachments,overall_suspicious_ratio
QOS0878,total_logons,total_device,emails_with_attachments
QPM0727,total_file,overall_suspicious_ratio,emails_with_attachments
QRM0739,total_device,device_action_ratio,total_http
QSV0778,total_file,suspicious_http_ratio,emails_with_attachments
RAB0589,total_device,total_file,total_emails
RAG0275,overall_suspicious_ratio,total_file,total_suspicious_flags
RAH0440,overall_suspicious_ratio,total_file,emails_with_attachments
RAM0447,total_file,overall_suspicious_ratio,exe_zip_files
RAR0725,total_device,total_logons,suspicious_file_ratio
RAS0432,overall_suspicious_ratio,attachment_ratio,total_file
RAW0915,total_device,exe_zip_files,suspicious_http_ratio
RBB0485,total_file,emails_with_attachments,total_http
RCC0617,total_file,emails_with_attachments,total_http
RCP0785,total_file,suspicious_http_ratio,emails_with_attachments
RDM0115,overall_suspicious_ratio,total_file,total_logons
RDM0150,total_file,total_emails,emails_with_attachments
RDT0424,total_device,exe_zip_files,total_suspicious_flags
RFP0380,total_file,emails_with_attachments,total_logons
RGG0064,total_device,total_logons,total_file
RGH0728,total_logons,total_file,exe_zip_files
RGN0408,attachment_ratio,total_logons,total_file
RHC0335,total_file,suspicious_http_ratio,emails_with_attachments
RHL0992,total_device,total_logons,after_hours_logons
RHO0732,total_device,after_hours_logons,exfiltration_intensity
RHP0484,total_file,emails_with_attachments,exfiltration_intensity
RHY0079,total_file,overall_suspicious_ratio,emails_with_attachments
RIH0777,total_file,emails_with_attachments,suspicious_http_ratio
RJB0088,total_file,emails_with_attachments,attachment_ratio
RJM0381,total_file,attachment_ratio,exe_zip_files
RKD0604,total_device,total_logons,total_file
RKF0164,total_logons,total_file,exe_zip_files
RLB0719,after_hours_logons,total_file,overall_suspicious_ratio
RLG0856,total_device,suspicious_file_ratio,overall_suspicious_ratio
RMS0266,overall_suspicious_ratio,total_file,emails_with_attachments
RMW0542,total_device,total_logons,suspicious_file_ratio
RNF0765,total_file,suspicious_http_ratio,emails_with_attachments
RNL0695,total_file,emails_with_attachments,exe_zip_files
RNP0211,total_device,total_http,total_suspicious_flags
ROB0272,overall_suspicious_ratio,total_file,total_logons
RRA0938,total_file,overall_suspicious_ratio,attachment_ratio
RRC0553,total_device,suspicious_file_ratio,emails_with_attachments
RRP0568,total_device,device_action_ratio,exe_zip_files
RSC0089,total_device,suspicious_file_ratio,suspicious_http_ratio
RSM0277,total_device,suspicious_file_ratio,exe_zip_files
RTO0313,after_hours_logons,total_file,overall_suspicious_ratio
RUM0880,total_device,device_action_ratio,suspicious_file_ratio
RVC0232,total_file,emails_with_attachments,exfiltration_intensity
RVF0201,total_device,suspicious_file_ratio,exe_zip_files
RYB0718,total_file,overall_suspicious_ratio,total_logons
RZC0746,total_file,exe_zip_files,total_http
SAA0999,total_device,device_action_ratio,suspicious_file_ratio
SAB0781,total_device,overall_suspicious_ratio,emails_with_attachments
SAC0592,total_file,attachment_ratio,overall_suspicious_ratio
SAC0687,emails_with_attachments,total_file,exfiltration_intensity
SAH0599,overall_suspicious_ratio,total_file,total_logons
SAK0375,after_hours_logons,attachment_ratio,total_file
SAP0867,total_logons,overall_suspicious_ratio,total_file
SAT0194,total_file,overall_suspicious_ratio,emails_with_attachments
SBD0913,attachment_ratio,total_file,emails_with_attachments
SBH0537,total_device,suspicious_http,device_action_ratio
SBK0161,total_file,exe_zip_files,total_http
SBN0495,total_file,total_logons,total_http
SBN0866,total_device,overall_suspicious_ratio,after_hours_logons
SBN0971,suspicious_file_ratio,total_device,emails_with_attachments
SBQ0786,total_file,total_logons,total_http
SCB0534,total_file,emails_with_attachments,attachment_ratio
SCF0608,emails_with_attachments,total_file,exfiltration_intensity
SCP0130,total_device,device_action_ratio,attachment_ratio
SDB0106,total_file,exe_zip_files,total_suspicious_flags
SDF0017,overall_suspicious_ratio,total_file,total_logons
SDO0170,total_file,overall_suspicious_ratio,total_http
SED0886,after_hours_logons,total_file,emails_with_attachments
SEJ0677,total_logons,total_file,emails_with_attachments
SER0165,overall_suspicious_ratio,total_file,emails_with_attachments
SES0477,total_file,attachment_ratio,suspicious_http_ratio
SGB0140,total_file,attachment_ratio,overall_suspicious_ratio
SGG0787,after_hours_logons,attachment_ratio,total_file
SGM0021,total_device,device_action_ratio,total_suspicious_flags
SGS0268,overall_suspicious_ratio,total_file,emails_with_attachments
SHR0334,total_file,suspicious_http_ratio,emails_with_attachments
SHW0578,total_file,overall_suspicious_ratio,total_logons
SIJ0661,overall_suspicious_ratio,total_file,total_logons
SJC0333,total_file,emails_with_attachments,attachment_ratio
SJF0094,total_file,total_logons,exe_zip_files
SJO0209,total_device,suspicious_file_ratio,total_http
SJW0451,total_file,overall_suspicious_ratio,emails_with_attachments
SKG0759,total_file,emails_with_attachments,attachment_ratio
SLB0049,total_file,overall_suspicious_ratio,total_logons
SLP0762,total_file,emails_with_attachments,suspicious_http_ratio
SLT0907,total_logons,overall_suspicious_ratio,total_file
SMB0804,total_file,emails_with_attachments,suspicious_http
SMH0291,total_file,overall_suspicious_ratio,exe_zip_files
SMW0084,total_file,emails_with_attachments,exfiltration_intensity
SMY0792,total_device,device_action_ratio,exe_zip_files
SNC0187,total_device,total_logons,suspicious_file_ratio
SNS0129,total_file,exfiltration_intensity,total_suspicious_flags
SOB0360,after_hours_logons,total_file,emails_with_attachments
SOB0586,overall_suspicious_ratio,total_file,emails_with_attachments
SOF0808,after_hours_logons,emails_with_attachments,total_file
SOG0411,total_file,attachment_ratio,total_logons
SPA0141,after_hours_logons,total_file,attachment_ratio
SRH0155,after_hours_logons,total_file,total_http
SRS0231,total_file,overall_suspicious_ratio,emails_with_attachments
SSG0250,total_file,attachment_ratio,suspicious_http_ratio
SSH0799,total_file,emails_with_attachments,exfiltration_intensity
SSJ0784,after_hours_logons,total_file,emails_with_attachments
SSR0278,total_logons,overall_suspicious_ratio,total_file
SSS0345,total_file,emails_with_attachments,suspicious_http_ratio
SVL0803,total_file,emails_with_attachments,exfiltration_intensity
SVL0940,total_file,emails_with_attachments,overall_suspicious_ratio
SVS0871,total_file,attachment_ratio,exe_zip_files
SXM0895,total_file,total_logons,exe_zip_files
TAC0300,total_file,overall_suspicious_ratio,emails_with_attachments
TAP0551,total_device,total_logons,total_file
TBT0461,total_file,overall_suspicious_ratio,total_logons
TCD0009,total_file,exe_zip_files,total_logons
TDG0962,total_file,overall_suspicious_ratio,exe_zip_files
TDJ0998,total_file,emails_with_attachments,exfiltration_intensity
TDS0984,total_device,emails_with_attachments,overall_suspicious_ratio
TEB0251,total_file,suspicious_http_ratio,exe_zip_files
TEM0093,total_logons,overall_suspicious_ratio,total_file
TEM0977,overall_suspicious_ratio,total_file,emails_with_attachments
TET0621,attachment_ratio,total_file,exe_zip_files
THD0448,overall_suspicious_ratio,total_file,total_logons
THR0873,total_device,after_hours_logons,device_action_ratio
TIW0299,total_file,overall_suspicious_ratio,total_logons
TJB0302,total_file,overall_suspicious_ratio,total_logons
TJD0996,total_file,attachment_ratio,total_logons
TJG0582,overall_suspicious_ratio,total_file,emails_with_attachments
TLH0648,after_hours_logons,total_file,after_hours_ratio
TLK0993,after_hours_logons,total_file,emails_with_attachments
TLM0797,attachment_ratio,total_file,total_logons
TMA0069,total_file,emails_with_attachments,exfiltration_intensity
TNM0961,total_device,total_emails,exe_zip_files
TOR0193,total_file,attachment_ratio,exe_zip_files
TPH0474,total_file,overall_suspicious_ratio,emails_with_attachments
TQS0212,total_file,total_logons,total_http
TRK0914,emails_with_attachments,total_file,total_logons
TSB0437,total_file,suspicious_http_ratio,exfiltration_intensity
TSG0906,total_file,emails_with_attachments,attachment_ratio
TSM0363,after_hours_logons,total_file,after_hours_ratio
TSM0927,total_file,emails_with_attachments,exfiltration_intensity
TSR0676,total_device,suspicious_file_ratio,exe_zip_files
TTD1000,total_file,emails_with_attachments,total_logons
TUC0632,after_hours_logons,total_file,after_hours_ratio
TVS0006,total_file,overall_suspicious_ratio,suspicious_http_ratio
TVS0050,after_hours_logons,total_file,overall_suspicious_ratio
TYB0779,total_file,emails_with_attachments,suspicious_http_ratio
UAD0771,total_device,overall_suspicious_ratio,emails_with_attachments
UBF0645,after_hours_logons,total_file,after_hours_ratio
UCH0519,total_logons,total_file,exe_zip_files
UCS0227,total_file,overall_suspicious_ratio,emails_with_attachments
UFK0208,total_file,overall_suspicious_ratio,total_http
UIR0043,after_hours_logons,total_file,after_hours_ratio
UJC0737,total_file,total_logons,total_http
USH0199,total_device,suspicious_file_ratio,total_logons
VAA0087,total_file,exe_zip_files,total_suspicious_flags
VCC0396,total_device,after_hours_logons,device_action_ratio
VCY0751,total_file,attachment_ratio,suspicious_http_ratio
VEB0935,total_file,emails_with_attachments,suspicious_http_ratio
VFM0814,total_device,after_hours_logons,emails_with_attachments
VIA0063,total_device,attachment_ratio,emails_with_attachments
VLB0647,after_hours_logons,attachment_ratio,total_file
VMJ0147,attachment_ratio,total_file,total_logons
VMJ0546,total_device,suspicious_http_ratio,device_action_ratio
VSA0230,total_device,suspicious_file_ratio,exe_zip_files
VSS0154,total_device,total_logons,suspicious_file_ratio
VTT0385,total_device,emails_with_attachments,total_file
WAB0143,total_logons,overall_suspicious_ratio,total_file
WAS0254,total_file,emails_with_attachments,exfiltration_intensity
WBC0192,total_device,suspicious_file_ratio,exe_zip_files
WBC0315,total_file,total_logons,total_http
WDD0366,total_device,after_hours_logons,total_file
WDO0870,after_hours_logons,total_file,emails_with_attachments
WDV0573,after_hours_logons,attachment_ratio,total_file
WGR0833,total_file,overall_suspicious_ratio,emails_with_attachments
WGS0516,overall_suspicious_ratio,total_file,emails_with_attachments
WIF0691,total_device,emails_with_attachments,attachment_ratio
WIQ0567,total_device,suspicious_file_ratio,exfiltration_intensity
WJD0576,total_file,overall_suspicious_ratio,total_logons
WKD0013,after_hours_logons,total_file,emails_with_attachments
WKF0012,total_file,overall_suspicious_ratio,total_logons
WLV0566,total_file,emails_with_attachments,overall_suspicious_ratio
WNB0908,total_file,emails_with_attachments,exe_zip_files
WPE0538,total_file,attachment_ratio,emails_with_attachments
WPR0368,after_hours_logons,total_file,emails_with_attachments
WRM0963,total_logons,total_emails,total_file
WSR0241,total_file,exe_zip_files,suspicious_http_ratio
WTF0387,total_file,emails_with_attachments,exfiltration_intensity
WTR0563,overall_suspicious_ratio,total_file,emails_with_attachments
WVB0539,total_file,emails_with_attachments,exfiltration_intensity
WXH0872,total_device,exe_zip_files,after_hours_logons
XAA0104,total_device,exe_zip_files,suspicious_file_ratio
XBN0229,total_file,emails_with_attachments,overall_suspicious_ratio
XHG0902,total_file,emails_with_attachments,total_logons
XHW0498,total_device,total_logons,suspicious_file_ratio
XLB0710,total_file,emails_with_attachments,suspicious_http_ratio
XRS0633,after_hours_logons,total_file,emails_with_attachments
XWD0923,total_device,total_logons,total_emails
YCE0983,total_file,attachment_ratio,total_logons
YDN0198,total_file,exe_zip_files,total_suspicious_flags
YEV0793,total_file,emails_with_attachments,exfiltration_intensity
YIC0195,total_file,overall_suspicious_ratio,exe_zip_files
YJF0532,total_file,emails_with_attachments,exe_zip_files
YJV0699,total_file,overall_suspicious_ratio,emails_with_attachments
YWW0660,total_logons,after_hours_logons,total_file
ZCF0590,total_file,emails_with_attachments,suspicious_http_ratio
ZDW0859,total_file,total_http,exe_zip_files
ZFM0468,total_file,total_logons,exfiltration_intensity
ZJE0857,total_file,emails_with_attachments,suspicious_http
ZJS0269,overall_suspicious_ratio,total_file,emails_with_attachments
ZKS0899,total_device,emails_with_attachments,exfiltration_intensity
ZMC0284,overall_suspicious_ratio,total_file,emails_with_attachments
ZSB0649,after_hours_logons,attachment_ratio,total_file
ZSK0258,total_file,emails_with_attachments,exfiltration_intensity
ZSL0305,overall_suspicious_ratio,total_file,total_logons
